MSA_Short_Name,Population,Hospitals,Beds,Confirmed,Deaths,New_Cases_Per_Bed,New_Cases_Per_Day_As_Text
NYC,19216182,226,62814,134398,3055,1.08646161683701,5467   5138   5238   8464   7973   8671   8345   8758  10887   9909  10646  13608  14765
Poughkeepsie,679158,11,1809,3679,45,0.929242675511332,160  133  169  150  194  228  204  260  213  263  357  546  473
"East Stroudsburg, PA",170271,2,312,484,11,0.746794871794872,12   2   6  16  31   8  29  47  54  42  43  76  87
Stamford,943332,8,2220,2824,86,0.721621621621622,62  114  162   61  145  156  337  200  425  116  146  584  108
"Greeley, CO",324492,1,300,379,16,0.683333333333333,13   0  37  20   0  22  51   0  75   0  38  36  50
"Kingston, NY",177573,3,325,290,4,0.575384615384615,0  17  30  13  20  35  13  44  17  15  18  23  27
New Orleans,1270530,53,5926,8571,315,0.558218022274722,256   164   251   331   306   390    87   298   852   793  2138   755  1278
"Albany, GA",146726,3,964,851,41,0.550829875518672,13   32   24   55   45   15   46   32  286   28   33   74   96
Detroit,4319629,58,12748,11626,476,0.475996234703483,249   393   422   468   647   841   648   806   916  1320  1152  1634  1221
"Barnstable Town, MA",212990,4,484,330,6,0.444214876033058,6  10  11  16  33  33  15  25  18  64  28  31  16
"Mount Vernon-Anacortes, WA",129205,3,205,161,4,0.404878048780488,0  12   3  30   0  13   8   2  20   7  15  10   8
"Pittsfield, MA",124944,4,436,253,8,0.334862385321101,3  11  34   2  32  14  32  11   9  12  30  27  13
Boston,4873019,94,15925,8620,123,0.298587127158556,82   287   444   391   594   685   457   572   825   787   923  1049  1002
"Ithaca, NY",102180,1,212,93,0,0.283018867924528,0   1   2   5   9  16   8  14   3   3   4   7   6
"Bellingham, WA",229247,2,330,199,9,0.275757575757576,34   0  16  22   6  10  14   0  23   0  36   7  17
"Springfield, MA",697382,15,2181,953,49,0.268684089867033,5   15   28   18   46  118   27   71  134  144  105  131   89
"Salem, OR",433903,5,511,198,5,0.262230919765166,10   2  11  17  30  12  17  16  21  10  13  16   0
"Yakima, WA",250873,4,528,289,7,0.257575757575758,0   9  22  14   5  16  58   7  14   0  63  16  49
"Flagstaff, AZ",143476,4,385,196,10,0.257142857142857,3   1   5   5  13  15   6   9  10  36  29  29  21
Allentown,844052,18,2994,1620,25,0.243486973947896,11   16   25   51   60   45   85  154  114  195  194  234  387
Indianapolis,2074537,45,6067,2440,61,0.239657161694412,0  103   88  101  231  153  165  201  233  282  283  193  277
"Kennewick-Richland, WA",299612,5,553,197,14,0.229656419529837,4   0   5   7  28   0  18  67 -17  19  30  10  16
Seattle,3979845,52,9478,5021,253,0.220405148765562,188  107  226  393  179  501  167  158  390   75  519  204  287
"Burlington-South Burlington, VT",220411,2,632,268,4,0.216772151898734,10   8  16  21  17  16  14   0  39  14  14  27  48
"Monroe, MI",150500,1,217,101,0,0.211981566820276,1   5   6   3   7   6   4   7   4   9  21  16   6
Worcester,947404,17,2467,946,18,0.205512768544791,6   31   56   38   53   72   50   56   44  138  106  164   94
"Houma-Thibodaux, LA",208075,8,647,360,8,0.200927357032458,7   1   3  16   4   7   5  20  29  46  95  32  73
"Hilton Head Island-Bluffton, SC",222195,4,408,157,3,0.198529411764706,7   2   4   0  10   4  11  24  17  11  32   2  18
Denver,2967239,42,6088,2197,50,0.194973718791064,55    8  125  178    0  149  305    0  430    0  198  216  253
Chicago,9458539,127,28234,10159,235,0.189806616136573,170   317   319    21  1135   458  1070   438   953   965   698   828  1763
"Ann Arbor, MI",367601,7,1873,501,8,0.187399893219434,7   8  22  20  58  35  48  33  39  96  37  39  24
"Flint, MI",405813,4,1169,464,15,0.183917878528657,9   11   12   17   28   19   17   23   35   64  100   73   42
"California-Lexington Park, MD",113510,1,95,34,0,0.178947368421053,0  1  0  2  0  4  1  0  6  4  8  3  4
"Auburn-Opelika, AL",164542,1,314,102,3,0.17515923566879,3   7  14   7   1   8   3  12   4   6  10   8   3
"Sumter, SC",140466,3,372,124,4,0.169354838709677,4   5   2   0   1  15  15   6  12  12  21  12  15
"Lawrence, KS",122259,1,152,32,0,0.164473684210526,4 -2  4  3  1  9  0  0  1  7  0  0  1
"Albany-Lebanon, OR",129749,2,98,37,2,0.163265306122449,1  1  4  1  2  4  4  0  1  0  0  0  0
"New Haven-Milford, CT",854757,10,3199,1024,29,0.163175992497656,12   48   38   29   66   14   44   93  144   94   36  244  133
DC,6280487,60,11562,3432,54,0.155768898114513,60   68  140  154  227  214  217  219  298  332  302  408  453
"Farmington, NM",123958,3,267,72,0,0.149812734082397,3   4   1   0   6   4   4   0  10  15   5  20   0
Miami,6166488,86,22039,6609,97,0.147511230092109,114   120   123   416   282   538   254   844   686   108  1103   716   789
Philadelphia,6102434,116,23316,6996,98,0.144921942014068,174   215   227   382   387   356   398   408   488   733   809   829  1188
Atlanta,6020364,80,13225,3584,107,0.140037807183365,109  128   77  154  301  273  160  163  514  210  284  484  313
"Scranton--Wilkes-Barre, PA",553885,15,2399,799,11,0.137974155898291,4   19    9   19   26   26   34   62   78   77  126  112  194
"Syracuse, NY",648593,11,2138,455,6,0.137043966323667,11  10  24  34  20  39  50  52  28  46  33  35  28
"Lafayette, LA",489207,30,2126,441,15,0.135936030103481,5    4    8   14   29   14    3   49   99   73  143   64  -72
Buffalo,1127983,21,3719,909,22,0.135520301156225,31   28   10   86   48   83  101   32   56   88   80  120   81
Hartford,1204877,16,3677,917,40,0.130813162904542,11   30   43   31   58   46   61   76   75   91   84  169   68
"Lansing-East Lansing, MI",550391,10,1300,297,4,0.13,1   7   4   7  10  11  15  45  29  48  33  41  31
"Jackson, MI",158510,2,389,81,3,0.12853470437018,0   5   6   5  -1   4   4  13  10   9  11   2  12
"Colorado Springs, CO",745791,13,1757,385,19,0.125782583949915,18   3  53  19   0  23  54   0  72   0  28  26  38
Nashville,1934317,34,6773,1630,23,0.125498302081795,27  112   23   67   80  106   47  136  188  203  118  144  119
"Trenton-Princeton, NJ",367430,12,2212,586,13,0.124321880650995,10    8   24   29   20   37   34   47   19   65   53   98  102
"The Villages, FL",132420,2,339,73,3,0.123893805309735,3   2   3  11   5   4  10   3   5   1  14   2   5
"Lancaster, PA",545724,5,1191,291,5,0.123425692695214,-1   5   2   9  12  12  22  30  26  34  46  29  59
"Bremerton-Silverdale-Port Orchard, WA",271473,4,458,99,0,0.122270742358079,0   0   2  13   0   9   8   6  18   0   9  12   4
"Boise City, ID",749202,14,1903,458,4,0.120861797162375,4    8    5   23   25   23   16   41   91    6  131    9   64
Las Vegas,2266715,43,6237,1418,41,0.120089786756453,0   86   37  101   93    0   85  225  116   92  164  154  139
"El Centro, CA",181215,2,268,55,1,0.119402985074627,0  0  3  0  8  4  4  0  8  5  5  9  3
"Shreveport-Bossier City, LA",394706,20,3117,795,15,0.113570741097209,29    7   68   32   32   65   45    7   28   77   53   53  277
Providence,1624578,30,5769,1166,8,0.110937770844167,27    6   36   54   39   50  134   55  110  162  229   81   84
"Santa Fe, NM",150358,3,258,52,0,0.108527131782946,4  2  3  0  5  7  5  0  8  0  6  0  4
"Reading, PA",421164,6,1247,235,2,0.108259823576584,1   2   4  16  29   0   3  14  28  41  17  33  34
"Dover, DE",180786,2,288,68,2,0.107638888888889,1   4   4   3   4   4   0   2   7   7   2  11  14
Rochester,1069644,16,2890,602,15,0.103806228373702,13   31   16   35   25   46   19   36   14  109   77   49   55
"Naples-Marco Island, FL",384902,6,1051,221,2,0.103710751665081,6   2   6  18  16  11   3  24  27   4  28  25  18
Milwaukee,1575179,36,6592,1266,34,0.101638349514563,25   43  101   42   79  148   77   26  114   83  105  184    0
"Baton Rouge, LA",854884,39,4348,1244,31,0.100735970561178,52   31   48   73   28   55   55   48   73   58  166  107  412
"Kankakee, IL",109862,2,468,68,3,0.10042735042735,1   1   2   0  11  10   6   0   9   9   4   3  10
"Cedar Rapids, IA",273032,5,1079,151,4,0.0917516218721038,2   0   3   5  11  15   6  33  22   4  10  15  21
Baltimore,2800053,34,8745,1494,25,0.0913664951400801,19   25   33   80   84  104  131   74  125  168  179  211  157
"Bloomington, IN",169230,3,445,58,0,0.0898876404494382,0   3   3   2   3  10   8   5   5   4   3   5   5
"Fort Collins, CO",356899,8,725,134,7,0.0896551724137931,2   0   9  18   0   6  17   0  15   0   8  17  10
"Warner Robins, GA",185409,5,403,68,6,0.0893300248138958,0   2   3   5   1   3   3   2  13   6  12   8   6
"Boulder, CO",326196,6,777,143,2,0.0875160875160875,2   0  10  17   0  10  14   0  17   0   7  18  11
"Athens-Clarke County, GA",213750,3,574,90,10,0.0871080139372822,8   4   3   8  12   3   1   6  14   3   5   5   8
"Gainesville, GA",204441,2,634,84,0,0.0867507886435331,1   4   5   2   3   7   1   2  32   3   3   7   5
"Portland-South Portland, ME",538500,13,1640,339,6,0.0865853658536585,17  12  21   7   8  34  33  18  21   0  53  35  16
SF Bay Area,6722463,91,17503,3119,85,0.0860423927326744,145  154  143  233  199  106  146  319  129  231  194  231  226
Charlotte,2636883,30,5884,1055,9,0.0851461590754589,32   60   46   58   76   66   65   69   73   48  136  109  101
Los Angeles,13214799,172,39123,5391,107,0.084604963832017,159  153  185  486  301   82  392  678  583  603  577  576  114
Charleston,802122,13,2270,364,1,0.0845814977973568,21   6  18   0  50  20  10   8  25  61  64  26  39
"Salisbury, MD-DE",415726,8,1026,144,4,0.0838206627680312,8   5   3   2  10  23   7  16   8  17   5  12  11
"Portland, OR",2492412,27,4722,631,21,0.0828038966539602,21  14  36  52  83  46  35  25  72  42  55  48   0
Salt Lake City,1232696,25,3425,667,4,0.0823357664233577,28   15   28   28   41   61   46   39   39    0   81   68  110
Albany,880381,18,2949,629,12,0.0820617158358766,4  62  29  46  30  37  20  24  16  40  36  41  33
Fort Myers,770577,7,2240,348,11,0.0803571428571429,4   2  10  14  20  25  23  40  42   6  63  29  44
Memphis,1346045,32,6437,948,11,0.0798508622028895,32   49   50   53   48   63  109   34   62   95  161   24   69
"Lake Charles, LA",210409,12,1068,135,3,0.0795880149812734,0   1   6   4   7   6   7   7  23  25  18  11  16
"Gettysburg, PA",103009,1,76,21,0,0.0789473684210526,1  0  0  1  1  0  0  0  1  3  6  1  2
"Ocean City, NJ",92039,1,242,50,0,0.0785123966942149,0   1   1   2   1   0   2   0   3  10  12  10   6
"Stockton, CA",762148,10,1280,185,11,0.078125,10  10  17   3  19   3  20  10  13  15  22   7   5
"Olympia-Lacey-Tumwater, WA",290536,2,474,64,1,0.0780590717299578,0   0   3  10   0   3   6   3  12   0   3   7   6
"Cheyenne, WY",99500,2,283,42,0,0.0777385159010601,0  1  4  3  3  2  0  1  2  7  7  1  5
"Santa Maria-Santa Barbara, CA",446499,9,1054,152,1,0.0768500948766603,5   0   6   2   6  15  17   4  20  11  12  28  13
"Ogden-Clearfield, UT",683864,9,1186,210,3,0.0767284991568297,18   3   4   8  17  22  19  18   3   0  31  27  20
"Fairbanks, AK",96849,3,371,46,0,0.0754716981132075,0  0  3  1 -1  9  4  5  2  5  5  2  4
"Youngstown-Warren-Boardman, OH-PA",536081,20,2815,354,19,0.0742451154529307,5   7  19  13  23  24  14  39  45  32  21  38  52
"Jefferson City, MO",151235,5,516,50,0,0.0736434108527132,4   1   2   2   3  11   3  12   1   4   1   0   3
Orlando,2608147,35,7810,1146,15,0.0729833546734955,22    9   46   55   73   81   75   78  131   31  255  116   92
Raleigh,1390785,10,2294,329,3,0.0727986050566696,0  15  12  28  23   0  24  20  37  23  42  30  16
"Grants Pass, OR",87487,1,125,12,0,0.072,0  0  1  2  0  1  1  4  0  0  2  0  0
"Huntsville, AL",471824,9,1434,156,1,0.0718270571827057,5   3  16  15   5  17  17  16  10   7  11  12   5
"College Station-Bryan, TX",264728,7,683,79,5,0.0717423133235725,1   4   5   7   3  11   4   2   7  10   5   4   4
"Pensacola-Ferry Pass-Brent, FL",502629,13,1772,168,3,0.0699774266365688,5   1   7   7   5   9   8  22  66   0  10  13   7
"Columbia, SC",838433,21,3441,498,12,0.0691659401336821,30   8  19   0  21  28  26  63  34  47  48  39  47
St. Louis,2803228,63,13179,1582,18,0.0687457318461188,55   50   61   88  106  103   56   53  224  215  187    9  332
"Manchester-Nashua, NH",417025,11,1318,194,2,0.0682852807283763,0    3    1   10    1   12   10   16   30   10 -109  163   31
"Lebanon, PA",141793,3,484,87,0,0.0681818181818182,0   0   0   1   8   3   4   8   1   8   9   9  33
"Madison, WI",664865,13,2368,298,8,0.0675675675675676,9   3  18  46  27  16  13  10  28   2  24  18  17
Oxnard,846006,13,1690,203,6,0.0674556213017752,5   5   4  11  11  22  15  11  17  23  11  17  26
"Monroe, LA",200261,17,1277,204,1,0.06734534064213,7  -2   6  11   7  12   9   3  13  25  18  27  66
"Spokane-Spokane Valley, WA",568521,12,1971,214,10,0.0669710806697108,0   9   4  35  16  26   0  28   1  22  25  12  15
San Diego,3338330,38,7966,1112,17,0.0636454933467236,46   25   12   55   48   72   71   31   88  130  116  117  146
"Laredo, TX",276652,6,655,83,5,0.0625954198473282,0   0   5   2   8   6   5   5  10   0  18   2  18
"Santa Cruz-Watsonville, CA",273213,5,432,59,1,0.0625,7  0  2  1  7  2  7  3  1  4  5  3  2
"Kahului-Wailuku-Lahaina, HI",167417,4,258,38,0,0.062015503875969,0   0   0   4   1   2   0   4   5   0   1  10   2
Phoenix,4948203,80,11633,1260,28,0.061463079171323,59   65   53   60  101   60  101  158   96   86   94   96  134
"York-Hanover, PA",449058,7,998,144,1,0.061122244488978,0   8   2   1   9   7   6  11  12  13  23  19  23
"Wenatchee, WA",120629,4,251,33,3,0.0597609561752988,4  0  5  3  2  1  0  1  2  1  2  2  7
"Niles, MI",153401,4,512,56,1,0.05859375,2   3   2   1   7   4   7   3   3   3   2  12   4
"Glens Falls, NY",125148,1,410,36,0,0.0585365853658537,0  3  1  0  8  8  5  0  0  2  1  4  2
"Hammond, LA",134758,10,501,131,2,0.0578842315369262,0   1   1   2   0   3   0   8   7   8   9  13  76
"Columbia, MO",208173,7,844,77,1,0.0568720379146919,2   3   3  15   0  12   5   5   6   2   3   0   6
"Saginaw, MI",190539,8,1122,103,0,0.0561497326203209,0   6   1   1   4   5   5  12  15  20  11   8  13
"Coeur d'Alene, ID",165697,4,396,37,0,0.0555555555555556,3   2   0   1   1   1  15   0   3   1   1   6   0
"Bend, OR",197692,2,308,36,0,0.0551948051948052,0  0  0  5  3  2  3  2 -1  3  5  4  0
"Kokomo, IN",82544,3,254,27,2,0.0551181102362205,0  0  0  0  1  2  3  2  2  4  4  1  2
"Corvallis, OR",93053,1,164,17,1,0.0548780487804878,0  0  2  0  0  2  0  1  3  1  2  2  0
"Pine Bluff, AR",87804,2,498,64,0,0.0542168674698795,17   0   1   4   0   5   0   1   7   9   7   2   2
Columbus,2122271,38,7738,760,10,0.0541483587490308,11  39  21  29  55  89  31  49  63  82  66  86  96
Birmingham,1090435,21,5493,551,14,0.0540688148552703,20  11  57  44  39  28  59  14  29  27  36  56  40
"Rome, GA",98498,5,910,79,3,0.0538461538461538,1   1   3   2   4   7   0   1   7  25  11   6   2
"Reno, NV",475642,14,1844,245,4,0.0536876355748373,0  19   6   7  10   8  32   4  10  22  20  21  61
Cleveland,2048449,45,10802,1074,20,0.0535086095167562,36   30   55   70  102   61   95   73   48   74  110  144   14
"Grand Island, NE",75553,4,281,42,1,0.0533807829181495,0   0   0   0   0   3   0   3   2   7   2   9  16
"Lubbock, TX",322257,12,1689,141,4,0.0532859680284192,0   3   1   6  10   3  11  10  26  23   9   9  21
"Lewiston, ID-WA",62990,2,170,14,2,0.0529411764705882,0  0  1  0  3  0  0  0  5  0  5 -1  1
Bakersfield,900202,15,1833,210,2,0.0529187124931806,7   1   2  14   4  14   4   9  23  27  32  31  37
Houston,7066141,137,20597,1989,23,0.0527261251638588,20   89   63   98   48  264  123   65  225  200  178  221  252
Virginia Beach,1749725,31,5204,591,7,0.0520753266717909,4   10   16   20   21   31   41   16   68   58   53   68  117
"Wichita Falls, TX",151254,8,661,47,0,0.0514372163388805,1  0  3  2  5  8  0  5  2  9  5  1  2
"Prescott Valley-Prescott, AZ",235099,5,409,43,0,0.0513447432762836,0   0   1   1   4   4  -1   3   6   3  10   1   8
Dallas,7573136,177,22120,2126,39,0.0510849909584087,35   47  122  114  160  135   93  167  191  148  223  198  242
Grand Rapids,1077370,17,2366,211,2,0.0502958579881657,11   7   7  10   7  10  21  30  16  18   9  16  20
"Greenvile, SC",920477,19,2755,274,5,0.0500907441016334,17   9  19   0   4  14  21  21  27  32  36  29  15
"Gulfport-Biloxi, MS",417665,10,1642,179,5,0.0499390986601705,8   7   3  11  14  13  12   0   9  20  11  40   7
"Norwich-New London, CT",265206,2,465,57,3,0.0494623655913978,1   2   3   4   2   4   1   4   3   2   0  11  17
Tucson,1047279,21,3542,326,11,0.0494071146245059,7  18   7  26  27  18  33  34  15  15  20  43  46
"South Bend-Mishawaka, IN-MI",323613,8,913,95,2,0.0492880613362541,9   1   1   3   6   5   3   4  13  10   8   7  17
"Hinesville, GA",80994,2,102,10,0,0.0490196078431373,0  1  0  1  0  1  1  1  1  0  2  0  2
Albuquerque,918018,19,2368,276,9,0.0489864864864865,6   5   6   0   9  44  12   0  45   0  22  88   0
"Binghamton, NY",238691,4,819,73,4,0.0488400488400488,0   6   2   6   2   9   6   7   4   4   4  10   9
"Battle Creek, MI",134159,5,394,34,1,0.0482233502538071,1  1  2  1  2  2  4  2  0  6  2  6  3
"Hagerstown-Martinsburg, MD-WV",288104,6,731,79,0,0.0478796169630643,1   0   4   0   3   6   1   6   6   9   8  20  14
Des Moines,699292,13,2040,161,1,0.0475490196078431,2   6   5   5   6  19  13  17  22  10  12  18  10
"Owensboro, KY",119440,2,527,57,1,0.047438330170778,10   0   3   0   0  21  -6   0   7   0   0   0  21
"Elkhart-Goshen, IN",206341,3,406,31,3,0.0467980295566502,0  0  1  2  2  2  1  0  8  3  4  2  2
"Iowa City, IA",173105,5,1485,143,2,0.0464646464646465,3   3   8   8  12   3   6  10   9  13   6  10  17
Pittsburgh,2317600,50,10981,921,12,0.0464438575721701,14   20   48   72   42  106   66   54   72   50   87  110  124
Jacksonville,1559514,22,6039,625,17,0.0463652922669316,15    7   14   35   25   39   19   50   77   21  106   68   84
"Akron, OH",703479,13,3198,258,10,0.0462789243277048,6  10   6  12  20  20  28  24  19  19  26  15  29
Riverside,4650631,56,10105,991,28,0.0461157842652152,17   25   18   53   44   56   12  131   94   58  193   50  194
"Toledo, OH",641816,17,3849,305,7,0.0459859703819174,4   3  11  15  17  22  29  22  21  40  40  31  42
"State College, PA",162385,3,438,39,0,0.045662100456621,2  4  1  1  2  4  7  2  2  1  1  4  7
"Champaign-Urbana, IL",226033,5,642,56,0,0.0451713395638629,1   1   0   6   0   1  10   2   3   7  11   8   4
"Lexington-Fayette, KY",517056,15,2745,170,8,0.0448087431693989,6   1  13   0   0   0  59  17  34   0   6   0  20
"Muncie, IN",114135,3,411,33,1,0.0437956204379562,0  2  3  0  1  0  6  1  3  4  3  5  3
"Spartanburg, SC",319785,6,943,72,0,0.0434782608695652,1   1   5   0   7   5   4   5   7   8   5  10  12
Louisville,1265108,29,5918,473,17,0.0434268333896587,9    5    5    6    9   79   11   34  105    8   52   16  100
"Chambersburg-Waynesboro, PA",155027,3,416,27,0,0.0432692307692308,0  2  2  0  0  2  4  1  7  2  2  3  1
"Alexandria, LA",152037,13,1428,106,4,0.0427170868347339,7   2   4  11   1  11   5   3  14  12  10   4  20
"Utica-Rome, NY",289990,8,1124,98,4,0.0427046263345196,1   6   1   5   2  10   4  10   0  16  13  10  13
Oklahoma City,1408950,43,5971,487,19,0.0425389382013063,6  20  22  34  28  20  19  29  31  71  66  33  64
"Vineland-Bridgeton, NJ",149527,4,588,40,2,0.0425170068027211,0  1  1  1  5  2  0  1  6  9  4  5  4
Sacramento,2363730,28,5380,546,13,0.0421933085501859,37   10   38    1   59   17   12   60   15   25  105   89    7
Chapel Hill,644367,10,2687,283,1,0.042054335690361,0  30  14  25  12  21   9  -4  25  11  31  21  37
Tulsa,998626,36,4376,368,14,0.041819012797075,5   2  27  29  20  11  11   7  30  48  62  37  70
"Provo-Orem, UT",648252,11,1366,186,0,0.0417276720351391,5   2   5   6   2   4  20   7  13   0  35  45  36
"Yuba City, CA",175639,6,342,25,1,0.0409356725146199,1  0 -3  5  0  1  3  1  5  2  5  0  3
"Elmira, NY",83456,3,468,36,0,0.0405982905982906,2   1   0   4   4   1   3   0   5   2   0  13   1
Sarasota,836995,12,2424,258,10,0.0404290429042904,8   6   7  11   8  10   5  17  29  11  59  29  30
"Columbus, IN",83779,1,198,45,0,0.0404040404040404,0   0   0   1   0   1   3   0   3   0   2   8  22
"Charleston, WV",257074,10,1065,61,1,0.0403755868544601,0   1   1   3  11   3   3   5   9   8   2   1  10
"Sebring-Avon Park, FL",106221,3,323,30,2,0.0402476780185759,1  2  0  1  0  5  0  3  4  0  7  2  4
"Daphne-Fairhope-Foley, AL",223234,4,398,29,1,0.0402010050251256,1  1  0  1  0  5  5  3  1  1  4  4  1
"Dalton, GA",144724,2,324,25,1,0.0401234567901235,0  0  2  1  1  2  3 -1  4  1  6  1  3
"Bismarck, ND",128949,3,551,51,1,0.0399274047186933,1  2  1  4  6  5  1  2  0  3  0  2  2
"Bloomington, IL",171517,2,277,40,2,0.0397111913357401,1   0   0   1   2   0   4   3   2  -1  14   3   5
"Anchorage, AK",396317,10,1293,85,1,0.0394431554524362,8   4   0  11   2  15  11   5   3   4   3   6   8
"Longview, WA",110593,2,279,18,0,0.039426523297491,0  0  0  4  0  3  0  4  0  0  4  0  0
Honolulu,974563,17,2536,266,3,0.0390378548895899,0  17   0  10   8  32   0  15  16  18  25  55  29
"Winston-Salem, NC",676008,12,2498,166,3,0.0388310648518815,1   3   1   3  16  16   4   6  14  37   8  31  12
Richmond,1370148,24,4657,476,2,0.0386514923770668,14    7   11    5   13   13   18   24   50   46   54   83  117
"Crestview-Fort Walton Beach-Destin, FL",284809,8,858,80,1,0.0384615384615385,5   1   4   6   2   6   4   4   7   0  13   3   7
Kansas City,2157990,58,8791,617,18,0.038220907746559,15  17  24  43  33  31  40  50  67  48  59  45  82
"Port St. Lucie, FL",489297,11,1544,129,3,0.0382124352331606,4   1   2   6  12  16   3   7  10   3  13  20  27
Austin,2227083,60,6241,564,5,0.0379746835443038,22    8   23   28   50   22   25   10   65   14  122   14   83
"Wichita, KS",640218,19,1637,109,1,0.0378741600488699,0   5   4   6   5  13   9   7   9   9  17   7  13
"Charlottesville, VA",218615,5,899,57,1,0.0378197997775306,0   2   3   7   5  10   1   3   3   2   4   4   6
"Billings, MT",181667,5,663,39,0,0.0377073906485671,0  1  5  2  6  3  3  0  5  1  4  1  2
"Winchester, VA-WV",140566,3,532,34,0,0.037593984962406,0  0  2  0  2  0  5  4  2  5  1  8  5
"Harrisburg-Carlisle, PA",577941,13,2155,158,4,0.0375870069605568,1   4   6   5   6  12  12   3  21  16  13  17  30
Vallejo,447643,7,749,73,1,0.0373831775700935,1   7   3   7   3   0   0   0   9   6   5   7  12
"Madera, CA",157327,2,462,28,1,0.0367965367965368,0  3  0  1  3  1  4  3  3  2  2  3  0
"Merced, CA",277680,3,246,16,0,0.0365853658536585,1  0  1  0  2  3  1  1  1  0  2  4  0
Daytona Beach,668365,10,2141,163,3,0.0364315740308267,4   3   3  11  14   7   3  18  20   2  27  26  10
"Muskegon, MI",173566,3,413,31,2,0.036319612590799,1  2  0  0  3  1  6  5  0  0  8  4  1
"Sebastian-Vero Beach, FL",159923,4,612,50,0,0.0359477124183007,2  1  1  1  1  2  1  7  9  0  8  6  3
"Lawton, OK",126415,5,615,41,0,0.0357723577235772,0  0  0  3  3  0  5  2  3  6  6  9  4
Lakeland,724777,6,1793,142,4,0.0351366424986057,2   0   1   3   9   8   5  16  18   3  27  23  16
"Jackson, MS",594806,24,4954,326,3,0.035123132821962,7  18  19  14  21  18  21   0  41  40  17  49  13
"Brunswick, GA",118779,2,401,29,0,0.0349127182044888,1  1  0  0  1  1  1  2  8  1  2  4  4
"Medford, OR",220944,3,545,27,0,0.0348623853211009,0   1   1   0   2   2  11   1   1   1   5   0   0
"Decatur, AL",152603,5,574,28,0,0.0348432055749129,0  2  3  7 -1  7  2  0  3 -1  2  4  0
Tampa,3194831,54,11377,969,14,0.0342796870879845,23   21   25   53   43   53   49   59   98   10  231  119   73
"Hot Springs, AR",99386,6,646,40,0,0.0340557275541796,6  1  6  2  2  0  5  1  5  1  5  0  3
"Dubuque, IA",97311,3,470,24,1,0.0340425531914894,2  0  0  0  2  4  4  5  0  1  0  1  1
"Kalamazoo-Portage, MI",265066,2,821,45,3,0.0328867235079172,3  0  2  5  1  4  4  5  0  6  4  6  5
"Fayetteville-Springdale-Rogers, AR",534904,16,1673,67,0,0.0328750747160789,3   0   1  21   8   6   3   5   7   4   2   3   1
Minneapolis,3640043,40,8364,557,14,0.0324007651841224,58  24  14  31  35  33  39  53  32  34  32  26  30
"Cleveland, TN",124942,3,373,24,0,0.032171581769437,-1  1  1  2  1 -1  3  0  2  4  5  4  1
"Racine, WI",196311,4,715,41,0,0.0321678321678322,1  0  2  1  1  7  1  4  5  2  7  6  0
Knoxville,869046,21,3418,171,1,0.0315974253949678,8   5   8  10  10   8   9  19  29  15  20  11   8
"Sioux Falls, SD",268232,14,1535,107,0,0.0306188925081433,1   0   9   4   2   4   6   3   4  15  21  17  15
"Valdosta, GA",147292,5,525,41,1,0.0304761904761905,0  2  1  1  4  4  1  0  2  3  3  5  7
"Gainesville, FL",329128,7,1805,118,0,0.0304709141274238,1   1   8   4   8  11   5   8   8   3   5  15   6
"Morgantown, WV",139044,5,990,45,0,0.0303030303030303,0   3  12   3   5  -1   6   3   1   1   3   1   6
"Homosassa Springs, FL",149657,2,332,34,2,0.0301204819277108,1  0  0  2  0  3  1  2  2  0  8  1  6
"Fayetteville, NC",526719,8,1036,76,1,0.0299227799227799,1   3   5   1   0   0   9   2   8   6   7  10  13
"Springfield, MO",470300,10,1488,83,7,0.0295698924731183,7   2   3   3   7  14   5   7   2   3   3   0  15
"Harrisonburg, VA",134964,2,508,37,0,0.0295275590551181,0  1  1  1  3  0  0  2  0  8  7  7  4
"Myrtle Beach-Conway-North Myrtle Beach, SC-NC",496901,8,987,87,5,0.0293819655521783,7   5   1   1   4   5   3   3   7   5  15   1  13
"Watertown-Fort Drum, NY",109834,3,344,20,0,0.0290697674418605,0  1  0  2  0  2  1  4  0  1  3  3  2
"Twin Falls, ID",111290,3,278,44,1,0.0287769784172662,0   0   0   0   2  -1   0   1   4   2  29   2   4
"Casper, WY",79858,6,454,23,0,0.0286343612334802,0  1  2  2  2  0  0  2  2  3  4  2  2
"Fond du Lac, WI",103403,4,214,30,2,0.0280373831775701,0  2  0 -1  1  2  0  1  1  2  4  2  0
"Rochester, MN",221921,4,2145,113,2,0.027972027972028,5   3   5  11   5   6  12   8   3  10   6  10  12
"Hattiesburg, MS",168849,6,863,64,1,0.0278099652375435,1   4   1   3   1   3   1   0   5  10   2  11  10
"Salinas, CA",434061,4,793,57,2,0.0277427490542245,3  6  4  0  0  8  4  0  4  2  6  5  4
"Augusta-Richmond County, GA-SC",608980,16,3006,131,3,0.0272787757817698,1   3   2   3   9   5   4   1  50   8   9  16   4
"St. George, UT",177556,2,338,25,1,0.0266272189349112,5  0  0  3  1  4 -5  7 -1  0  4  5  2
"Cape Girardeau, MO-IL",96765,3,601,17,0,0.0266222961730449,0  0  3  1  2  0  0  8  2  0  0  0  1
"Mobile, AL",429536,8,1954,119,6,0.0266120777891505,0   4   4   9   5   6  13   4   7   4  11  38  11
"Montgomery, AL",373290,11,1520,96,1,0.0263157894736842,1   8   8   8   3   0   4   1   8   8  16  18   4
"Ocala, FL",365579,7,919,42,0,0.0261153427638738,1  0  1  0  3  9  3  3  2  3  5  5  4
"Chattanooga, TN-GA",565194,16,2155,99,10,0.0259860788863109,5  -4  18   5   0   7   3   0  17   6  17  10   6
"Wilmington, NC",297533,3,932,43,0,0.0257510729613734,0   6   0   4   1  10   0   2   7   0   8   1   0
Cincinnati,2221208,49,9417,548,18,0.0256982053732611,13   23   14   18   22   33   33   25   52   45   50   44  127
"Punta Gorda, FL",188910,4,823,46,1,0.0255164034021871,1   0   0   0   2   7   4   2   6   0  14   5   3
"Janesville-Beloit, WI",163354,4,564,20,1,0.024822695035461,0  0  1  4  4  0  2  1  1  1  2  1  0
"Fargo, ND-MN",246145,8,1416,61,1,0.0247175141242938,0   3   3   1   5   7   2   4  10   3  10   3   7
"Lafayette-West Lafayette, IN",233002,8,829,33,2,0.0241254523522316,0  1  1  4  1  4  1  4  0  5  0  7  3
"Michigan City-La Porte, IN",109888,2,377,19,2,0.0238726790450928,0  0  0  0  0  2  2  0  2  3  3  3  2
"Amarillo, TX",265053,10,1227,50,1,0.0236348818255909,2   1   0   0   2   0   5   0   7  15   0   9   6
"Topeka, KS",231969,7,931,33,2,0.0236305048335124,0  0  3  2  2  2  6  2  4  1  2  7  1
Greensboro,771851,10,2330,125,7,0.0236051502145923,1   7   6   2  12   4  11   5  10   5  21  15  15
"Logan, UT-ID",142165,3,170,16,0,0.0235294117647059,1  0 -3  0  0  5  0 -5  7  0  0  8  1
"Williamsport, PA",113299,4,302,10,0,0.0231788079470199,0  0  1  0  1  0  1  1  2  1  0  1  2
"Greenville, NC",180742,1,909,35,0,0.0231023102310231,3  0  0  2  0  2  5  5  7  0  2  4  2
"Santa Rosa-Petaluma, CA",494336,12,2148,105,2,0.0228119180633147,7   0   5   3   7   6   8   0  15   5  13   4  10
"Midland, MI",83156,1,308,17,0,0.0227272727272727,0  0  1  0  2  0  0  1  1  2  3  1  1
"Tuscaloosa, AL",252047,10,1279,63,0,0.0226739640344019,2   1   6   4   3   3   2   2   7   2   9  11   4
"Canton-Massillon, OH",397520,8,1817,100,5,0.0225646670335718,3   2   0   3   6   3   5  16   1   7  15   5  23
"Clarksville, TN-KY",307820,6,1158,70,1,0.0224525043177893,1   3   0   0   3   2   6   0   7   8  10   4  22
"San Luis Obispo-Paso Robles, CA",283111,6,1747,93,0,0.021751574127075,0  15   4   8   5   8   0   4   9   0   9   4   0
"Atlantic City-Hammonton, NJ",263670,9,1573,98,1,0.0216147488874762,1   0   6  -2   4   3   7   5   2   9  10  22  26
"Davenport-Moline-Rock Island, IA-IL",379172,10,1822,75,0,0.0214050493962678,0   0   4   4   2   4   1   9   5  10  10  12  12
"La Crosse-Onalaska, WI-MN",136616,2,656,19,0,0.0213414634146341,0  0  5  2  2  1  0  1  3  0  0  0  0
"Killeen-Temple, TX",460303,12,1372,63,1,0.0211370262390671,6  2  2  1  5  3  0  8  8  2  5  2  9
"Fort Wayne, IN",413263,13,1665,64,2,0.021021021021021,0   3   0   1  13   3   3   2   3  10   7  13   2
"Weirton-Steubenville, WV-OH",116074,6,811,20,0,0.0209617755856967,0  0  0  2 -1  5  2  2  4  3  1  3 -1
"Savannah, GA",393353,11,1819,86,4,0.0208905992303463,0   5   1   3   3   7   1   1  10  12  11  16  10
"Bay City, MI",103126,3,389,24,0,0.0205655526992288,1  0  1  1  0  0  1  4  0  1  6  2  6
"Yuma, AZ",213787,3,487,14,0,0.0205338809034908,1  0  1  1  0  0  1  1  3  3  1  0  1
"Bloomsburg-Berwick, PA",83194,6,829,39,0,0.0205066344993969,0  2  1  2  0  2  1  6  0  5  5  5  8
Omaha,949442,27,4784,201,1,0.0204849498327759,0  13   4   4   7   9   6  24  25  19  19  13  13
"Eugene-Springfield, OR",382067,6,685,21,1,0.0204379562043796,0  0  1  2  3 -1  1  2  4  2  3  0  0
"Wheeling, WV-OH",138948,9,1077,32,0,0.0204271123491179,0  0  1  2  3  7  1  3  2  3  0  3  3
"Lynchburg, VA",263566,3,738,22,0,0.0203252032520325,0  0  4  0  0  1  1  1  2  6  3  0  2
"Beaumont-Port Arthur, TX",392563,16,1870,51,2,0.0203208556149733,4   0   0   1   3   6   7   6   3  12   5  10 -11
"Appleton, WI",237974,4,542,22,0,0.0202952029520295,0  0  2  0  0  0  2  3  3  1  3  5  0
"Missoula, MT",119600,2,404,18,1,0.0198019801980198,0  3  0  1  1  1  2  1  2  0  3  0  1
Dayton,807611,21,3904,149,12,0.0197233606557377,6   7   4   1  17   7  10   9  15  14  10  13  17
"Macon-Bibb County, GA",229996,9,1319,51,1,0.0197119029567854,1  4  4  2  3  1  2  2  7  5  3  9  5
"Midland, TX",182603,7,712,23,1,0.0196629213483146,0  2  1  3  1  4  1  1  3  0  0  6  0
Little Rock,742384,26,4135,218,3,0.0195888754534462,70   7  23   7   8   6   4   2  18  13  13  29  10
"Eau Claire, WI",169304,5,879,30,0,0.0193401592718999,0  0  1  1  3  1  3  3  2  3  3  5  0
"Evansville, IN-KY",315086,11,1716,58,0,0.0192307692307692,0   1  -1   7   2   9  10   0   4   2   3  13   5
"Rocky Mount, NC",145770,3,520,23,0,0.0192307692307692,0  3  0  0  0  1  0  0  7  2  1  5  3
San Antonio,2550960,56,8867,409,11,0.0190594338558701,13  16   3  23  32  15  18  22  14  42  31  32  95
"Waco, TX",273920,6,1051,51,1,0.0190294957183635,1  8  0  4  5  1  0  2  3  5  4  1  1
"Walla Walla, WA",60760,3,316,8,0,0.0189873417721519,0  0  1  0  0  2  1  1  0  1  1  0  0
"El Paso, TX",844124,17,2543,103,0,0.0184821077467558,2   1   6  12   0  10   4  -2  13   4  18  10  18
"Bowling Green, KY",179240,5,758,26,0,0.0184696569920844,2  0  2  0  0  0  5  3  4  0  0  0  8
"Hickory-Lenoir-Morganton, NC",369711,6,1194,42,2,0.0184254606365159,3  1  4  5  2  2  4  1  2  2  3  5  7
"Morristown, TN",142749,3,332,13,0,0.0180722891566265,2  0  0  0  1  0  0  0  1  4  0  0  1
"Florence-Muscle Shoals, AL",147970,3,721,21,2,0.0180305131761442,1  0  4  3  0  3  1  2  0  0  3  0  2
"McAllen-Edinburg-Mission, TX",868707,17,2446,86,0,0.017988552739166,0   0   5   2   2   7   9   1  10   8  16  17   7
"Victoria, TX",99742,6,723,33,0,0.0179806362378976,0  3  0  0  0  0  0  3  9  1  5  7  5
"Grand Junction, CO",154210,4,614,20,0,0.0179153094462541,3  0  0  1  0  3  2  1  2  2 -2  3  3
"Asheville, NC",462680,7,1469,58,2,0.0176991150442478,5  4  0  7  1  4  6  1  7  0  6  9  3
"Oshkosh-Neenah, WI",171907,5,795,24,0,0.0176100628930818,0  0  0  1  0  1  1  2  1  8  5  0  0
"Tyler, TX",232751,10,1337,57,1,0.0172026925953628,0   4   2   5   6   0   4   1   4   1   5  11   4
"Burlington, NC",169509,1,238,16,0,0.0168067226890756,0  1  0  1  1  0  1  1  0  0  6  1  2
"Lewiston-Auburn, ME",108277,2,483,20,0,0.0165631469979296,0  0  1  1  1  1  1  0  3  0  1  7  1
"Palm Bay-Melbourne-Titusville, FL",601942,11,1768,72,0,0.0164027149321267,0   2   2   2   3  10   2   3   6   1  11  13  10
"Sheboygan, WI",115340,2,370,20,1,0.0162162162162162,0  0  1  0  0  1  0  0  3  1  4  4  0
"Modesto, CA",550660,12,1729,58,0,0.0161943319838057,3  3  1  1  4  6  6  2  2  6  5  7  7
"Florence, SC",204911,9,1213,54,5,0.0156636438582028,4   3   0   0   6   1   4   2   4   2   9   3  10
"Anniston-Oxford, AL",113605,4,590,21,0,0.0152542372881356,1  0  0  0  1  0  0  5  1  2  1  6  3
Fresno,999101,15,3628,100,1,0.0151598676957001,0   7   5   1   8   4  12   0  10  15  14  12   6
"Columbus, GA-AL",321048,11,1651,51,0,0.0151423379769836,0   2   2   1   3   1   1   6  10   1   7  11   4
"Kingsport-Bristol, TN-VA",307202,10,1529,31,2,0.0150425114453891,1  0  1  3  4  0  3  0  7  5  2  3  1
"Terre Haute, IN",186367,7,616,20,2,0.0146103896103896,0  1  1  0  0  1  4  0  2  1  2  3  3
"Longview, TX",286657,9,1128,35,1,0.0141843971631206,-1  0  3  2  0  0  0  4  0  7  4  6  7
"Mankato, MN",101927,2,289,18,0,0.013840830449827,1  0  0  1  1  0  1  1  0  0  1  0  5
"Great Falls, MT",81366,3,436,11,0,0.0137614678899083,0  0  0  2  1  1  0  0  2  0  2  0  0
"Gadsden, AL",102268,4,739,26,3,0.013531799729364,0  0  0  4  0  2  0  0  2  2  3  6  7
"Visalia, CA",466195,7,2086,81,3,0.0134228187919463,4   1   0   1   2   4   5   6   8   2  29   7   0
"Hanford-Corcoran, CA",152940,4,300,5,0,0.0133333333333333,0  0  0  0  0  2  0  0  1  1  1  0  0
"Abilene, TX",172060,9,1051,27,1,0.0133206470028544,0  0  0  1  1  1  6  2  3  0  4  5  4
"Joplin, MO",179564,7,829,17,0,0.0132689987937274,0  0  2  2  0  3  2  0  2  0  1  2  2
"Rockford, IL",336116,5,984,36,1,0.0132113821138211,1  0  2  0  1  1  3  1  2  3  6  4  8
"Pueblo, CO",168424,4,1369,31,2,0.0131482834185537,0   0   0   0   0   3   4   0  11   0   1   4   5
"Carson City, NV",55916,3,229,10,0,0.0131004366812227,1 -1  0  0  0  3  0  0  0  0  0  0  5
"Corpus Christi, TX",429024,15,2299,51,0,0.0130491518051327,0   5   5   5   4   3   1   0  12   0   6   2   7
"San Angelo, TX",122027,4,614,20,0,0.0130293159609121,0  1  2 -1  0  1  2  1  3  0  1  7  3
"Duluth, MN-WI",288732,12,1236,28,0,0.0129449838187702,2  2  1  2  1  1  5  2  1  3  1  2  3
"St. Joseph, MO-KS",125223,3,470,10,0,0.0127659574468085,0  1  0  0  2  1  0  0  2  1  0  3  0
"Jacksonville, NC",197938,3,316,16,1,0.0126582278481013,0  0  1  0  0  0  0  0  3  0  1  2  6
"Brownsville-Harlingen, TX",423163,11,1596,62,0,0.012531328320802,0   0   1   3   3   0   7   0   6   0  11  18   7
"Johnson City, TN",203649,10,1284,26,2,0.0124610591900312,4  1  0  2  2  5  0  0  0  7 -1  2  2
"Jackson, TN",178644,6,967,33,0,0.0124095139607032,0  2  1  1  1  0  1  0  6  2  6  7  4
"Panama City, FL",174705,5,752,23,1,0.011968085106383,0  0  0  2  0  2  1  0  2  2  5  3  5
"New Bern, NC",124284,2,427,17,0,0.0117096018735363,0  1  0  0  1  0  1  1  1  1  4  4  1
"Springfield, IL",206868,4,1045,26,2,0.0114832535885167,0  1  0  0  2  1  2  3  2  2  2  2  5
"Jonesboro, AR",133860,6,785,21,0,0.0114649681528662,5  0  0  0  0  0  2  0  4  3  1  2  2
"Manhattan, KS",130285,7,532,13,0,0.0112781954887218,0  0  0  1  1  0  0  0  1  3  1  5  0
"Odessa, TX",166223,5,1016,22,0,0.0108267716535433,0   0   0   0   0   1   2   4   3   1   1  10   0
"Lake Havasu City-Kingman, AZ",212181,5,665,12,0,0.0105263157894737,0  0  0  2  2  1  1  1  0  0  1  1  3
"Bangor, ME",152148,6,773,22,0,0.0103492884864166,1  1  0  1  1  4  1  1  0  0  4  4  2
"Chico, CA",219186,7,592,11,0,0.0101351351351351,1  0  2  1  0  0  0  0  3  0  1  1  1
"Roanoke, VA",313222,6,1875,40,0,0.0101333333333333,0  0  1  0  1  0  7  7  1  2  7  3  9
"Sherman-Denison, TX",136212,8,602,12,0,0.00996677740863787,2  0  0  0  0  0  1  4  0  1  3  1  0
"Texarkana, TX-AR",148761,8,928,25,1,0.00969827586206897,0  0  0  0  1  1  0  1  5  1  6  2  7
"Parkersburg-Vienna, WV",89339,2,313,8,0,0.00958466453674121,0  0  1  0  1  0  0  1  0  0  1  2  2
"Goldsboro, NC",123131,1,316,12,0,0.00949367088607595,0  1  1  0  0  0  0  1  1  0  2  4  1
"Ames, IA",123351,5,321,7,0,0.00934579439252336,0  1  0  0  0  1  0  0  0  2  1  1  0
"Elizabethtown-Fort Knox, KY",153928,4,542,14,0,0.00922509225092251,1  0  0  0  0  0  4  0  1  0  0  0  7
"Enid, OK",61056,3,436,5,0,0.00917431192660551,0  0  0  0  0  0  2  0  0  2  0  1  0
"Springfield, OH",134083,5,448,7,0,0.00892857142857143,0  1  0  0  0  0  5 -1  0  0  1  0  0
"Pocatello, ID",95489,3,229,5,0,0.00873362445414847,2  0  0  1 -1  1  0  0  1  0  0  0  1
"Peoria, IL",400561,8,1383,28,0,0.00867678958785249,0  1  2  0  4  2  3 -1  0  2  2  3  5
"Idaho Falls, ID",151530,3,346,8,0,0.00867052023121387,0  2  0  0  0  1  0  1  0  1  0  1  2
"Tallahassee, FL",387227,7,2461,52,0,0.00853311661926046,1  2  0  1  5  2  2  4  5  2  9  6  7
"Las Cruces, NM",218195,6,603,22,0,0.00829187396351575,8  3  0  0  3  1  0  0  1  0  3  2 -1
"Wausau-Weston, WI",163285,5,483,9,0,0.0082815734989648,0  0  0  0  0  0  0  1  1  2  3  1  0
"Erie, PA",269728,9,1223,19,0,0.00817661488143908,1  2  0  0  2  0  0  6  1  1  2  0  2
"Dothan, AL",149358,6,865,16,1,0.00809248554913295,1  0  1  1  0  1  2  3  0 -1  1  5  2
"Mansfield, OH",121154,4,508,14,0,0.0078740157480315,0  3  0  0  0  1  0  0  1  2  0  0  6
"Decatur, IL",104009,2,265,5,0,0.00754716981132075,0  0  0  0  0  1  1  0  0  0  0  0  3
"Staunton, VA",123120,3,409,10,0,0.00733496332518337,0  0  0  0  0  0  0  0  2  1  2  2  3
"Napa, CA",137744,3,1780,20,2,0.00730337078651685,1  0  0  4  0  3  1  4  0  1  3  0  2
"Rapid City, SD",142107,8,688,7,1,0.00726744186046512,0  0  1  0  2  0  1  1  0  0  1  0  0
"Lima, OH",102351,5,830,15,0,0.0072289156626506,0  0  0  0  0  2  2  0  1  1  4  2  3
"Fort Smith, AR-OK",250368,10,1256,13,1,0.0071656050955414,1  0  1  1  0  1  0  3  2  1  2  0  0
"Green Bay, WI",322906,10,1313,25,0,0.00685453160700685,0  0  0  1  1  1  0  1  3  2  6  7  0
"Grand Forks, ND-MN",100815,7,733,11,0,0.00682128240109141,0  0  0  0  0  0  0  2  0  3  0  1  5
"Altoona, PA",121829,5,598,5,0,0.00668896321070234,0  0  0  1  0  1  1  3 -2  0  0  0  1
"Redding, CA",180080,7,763,12,2,0.00655307994757536,1  0  1  0  0  0  1  0  2  1  0  4  1
"Carbondale-Marion, IL",135764,5,615,13,1,0.00650406504065041,0 -1  0  0  1  1  1  0  1  0  2  3  3
"Sierra Vista-Douglas, AZ",125922,8,498,7,0,0.00602409638554217,0  0  0  1  0  1  0  1  0  0  0  1  2
"Huntington-Ashland, WV-KY-OH",355873,11,1851,32,1,0.00540248514316586,0   0   1   1   0   1   0   2   4   1   3   3  15
"Waterloo-Cedar Falls, IA",168522,6,589,13,0,0.00509337860780985,0  1  0  1  2 -1  0  0  1  0  2  0  4
"Lincoln, NE",336374,9,1378,18,0,0.00507982583454282,0  0  1  0  0  1  0  4  0  1  3  2  4
"Beckley, WV",115767,5,644,4,0,0.0046583850931677,0  0  0  1  1  1  0  0  0  0  0  0  1
"Blacksburg-Christiansburg, VA",167531,5,465,8,0,0.0043010752688172,0  0  1  0  1  0  0  0  0  0  0  1  5
"Johnstown, PA",130192,4,594,6,0,0.00336700336700337,1  0  0  0  0  0  0  1  0  1  1  0  2
"Sioux City, IA-NE-SD",144701,4,945,11,0,0.00317460317460317,1  0  0  0  2  0  1  0  0  0  5  1  0
"Cumberland, MD-WV",97284,3,476,5,0,0,0  0  0  0  0  0  0  0  0  0  1  3  1
"Danville, IL",75758,3,447,5,0,0,0  0  0  0  0  0  0  0  0  0  2  0  3
"St. Cloud, MN",201964,5,588,7,0,0,1  0  0  0  0  0  0  0  0  0  0  0  1